"PID","PName","PCity","Color","Weight"
1,Шуруп               ,Красноярск          ,Жёлтый              ,0.437
13,Верёвка             ,Москва              ,Зелёный             ,0.857
23,Шина                ,Уфа                 ,Синий               ,11.997
33,Шуруп               ,Ульяновск           ,Красный             ,0.457
43,Леска               ,Самара              ,Жёлтый              ,0.64
53,Поручень            ,Саратов             ,Чёрный              ,13.122
63,Радиатор            ,Москва              ,Белый               ,15.012
71,Шина                ,Челябинск           ,Жёлтый              ,14.428
77,Верёвка             ,Воронеж             ,Белый               ,1.766
87,Шина                ,Ярославль           ,Серый               ,14.089
97,Шуруп               ,Ростов-на-Дону      ,Зелёный             ,1.318
106,Ремень              ,Ижевск              ,Жёлтый              ,1.013
115,Стальной лист       ,Новосибирск         ,Серый               ,12.811
125,Верёвка             ,Пермь               ,Зелёный             ,1.53
135,Шина                ,Иркутск             ,Синий               ,10.753
147,Стальной лист       ,Ростов-на-Дону      ,Белый               ,19.654
156,Отвёртка            ,Ижевск              ,Синий               ,0.376
165,Поручень            ,Новосибирск         ,Чёрный              ,11.232
176,Кожух               ,Красноярск          ,Жёлтый              ,19.293
188,Отвёртка            ,Москва              ,Зелёный             ,0.765
196,Ручка               ,Челябинск           ,Белый               ,1.83
206,Труба               ,Ижевск              ,Серый               ,10.512
216,Гайка               ,Екатеринбург        ,Зелёный             ,1.208
226,Гвоздь              ,Красноярск          ,Синий               ,0.975
236,Отвёртка            ,Владивосток         ,Красный             ,1.809
246,Колесо              ,Челябинск           ,Жёлтый              ,14.51
254,Труба               ,Краснодар           ,Синий               ,16.489
264,Гайка               ,Санкт-Петербург     ,Красный             ,1.737
275,Стальной лист       ,Пермь               ,Синий               ,19.047
283,Леска               ,Ульяновск           ,Серый               ,0.387
292,Ручка               ,Новгород            ,Красный             ,1.602
303,Радиатор            ,Саратов             ,Синий               ,12.704
313,Болт                ,Москва              ,Красный             ,1.922
325,Поручень            ,Пермь               ,Серый               ,13.036
333,Верёвка             ,Ульяновск           ,Чёрный              ,1.092
342,Колесо              ,Новгород            ,Зелёный             ,16.588
356,Ручка               ,Ижевск              ,Зелёный             ,0.938
366,Труба               ,Екатеринбург        ,Синий               ,17.771
375,Шина                ,Пермь               ,Чёрный              ,17.635
385,Шуруп               ,Иркутск             ,Белый               ,1.974
395,Леска               ,Омск                ,Серый               ,0.313
405,Поручень            ,Тольятти            ,Зелёный             ,18.057
414,Труба               ,Санкт-Петербург     ,Жёлтый              ,11.154
424,Гайка               ,Волгоград           ,Чёрный              ,1.318
434,Гвоздь              ,Тюмень              ,Белый               ,0.314
443,Леска               ,Самара              ,Синий               ,1.725
456,Гайка               ,Ижевск              ,Жёлтый              ,1.533
463,Радиатор            ,Москва              ,Жёлтый              ,12.622
473,Болт                ,Уфа                 ,Чёрный              ,0.549
484,Ручка               ,Тюмень              ,Жёлтый              ,0.841
495,Радиатор            ,Омск                ,Красный             ,11.998
505,Болт                ,Тольятти            ,Жёлтый              ,1.404
515,Стальной лист       ,Новосибирск         ,Чёрный              ,17.44
525,Верёвка             ,Пермь               ,Белый               ,1.122
536,Гайка               ,Владивосток         ,Чёрный              ,1.002
546,Гвоздь              ,Челябинск           ,Белый               ,0.204
560,Кожух               ,Иркутск             ,Белый               ,13.426
569,Болт                ,Казань              ,Синий               ,0.76
578,Гвоздь              ,Саратов             ,Чёрный              ,0.214
591,Радиатор            ,Екатеринбург        ,Серый               ,10.907
599,Шина                ,Волгоград           ,Чёрный              ,19.661
609,Шуруп               ,Тюмень              ,Белый               ,1.003
623,Радиатор            ,Уфа                 ,Белый               ,12.037
632,Гайка               ,Барнаул             ,Синий               ,1.635
642,Гвоздь              ,Новгород            ,Красный             ,1.066
4,Ручка               ,Краснодар           ,Чёрный              ,0.52
3,Стальной лист       ,Саратов             ,Серый               ,17.221
9,Болт                ,Тюмень              ,Синий               ,1.323
11,Леска               ,Владивосток         ,Чёрный              ,1.48
12,Отвёртка            ,Ярославль           ,Красный             ,1.151
19,Стальной лист       ,Казань              ,Красный             ,12.886
21,Поручень            ,Челябинск           ,Белый               ,13.678
22,Колесо              ,Ростов-на-Дону      ,Жёлтый              ,13.457
31,Радиатор            ,Ижевск              ,Серый               ,18.344
30,Труба               ,Тольятти            ,Синий               ,13.112
32,Кожух               ,Барнаул             ,Чёрный              ,11.953
39,Шина                ,Санкт-Петербург     ,Чёрный              ,11.932
42,Ремень              ,Новгород            ,Белый               ,0.342
40,Гайка               ,Новосибирск         ,Красный             ,0.815
50,Гвоздь              ,Пермь               ,Жёлтый              ,0.475
48,Кожух               ,Уфа                 ,Зелёный             ,18.397
52,Ручка               ,Воронеж             ,Серый               ,0.51
60,Отвёртка            ,Иркутск             ,Чёрный              ,7.79
58,Ремень              ,Ульяновск           ,Синий               ,1.518
62,Труба               ,Ярославль           ,Зелёный             ,13.136
68,Ручка               ,Самара              ,Красный             ,0.802
72,Гайка               ,Ростов-на-Дону      ,Синий               ,0.304
73,Болт                ,Уфа                 ,Серый               ,0.35
81,Шуруп               ,Ижевск              ,Чёрный              ,1.71
82,Гвоздь              ,Барнаул             ,Красный             ,0.356
83,Стальной лист       ,Ульяновск           ,Зелёный             ,15.912
90,Ремень              ,Новосибирск         ,Зелёный             ,1.527
88,Гайка               ,Москва              ,Чёрный              ,0.17
93,Верёвка             ,Самара              ,Синий               ,0.244
99,Стальной лист       ,Волгоград           ,Жёлтый              ,19.913
103,Шина                ,Саратов             ,Красный             ,12.948
102,Колесо              ,Воронеж             ,Чёрный              ,11.919
113,Шуруп               ,Москва              ,Жёлтый              ,0.647
109,Верёвка             ,Тюмень              ,Чёрный              ,1.495
110,Труба               ,Иркутск             ,Красный             ,14.788
121,Болт                ,Челябинск           ,Синий               ,0.105
119,Шина                ,Казань              ,Белый               ,19.938
122,Ремень              ,Ростов-на-Дону      ,Серый               ,0.738
129,Шуруп               ,Краснодар           ,Серый               ,0.309
131,Стальной лист       ,Ижевск              ,Красный             ,15.169
133,Поручень            ,Ульяновск           ,Белый               ,13.716
139,Леска               ,Санкт-Петербург     ,Зелёный             ,1.58
140,Отвёртка            ,Новосибирск         ,Белый               ,1.091
143,Радиатор            ,Самара              ,Серый               ,11.881
149,Поручень            ,Волгоград           ,Синий               ,10.543
152,Гайка               ,Воронеж             ,Красный             ,1.385
151,Шина                ,Красноярск          ,Чёрный              ,11.001
159,Радиатор            ,Тюмень              ,Красный             ,17.317
161,Шуруп               ,Владивосток         ,Белый               ,0.523
163,Стальной лист       ,Москва              ,Синий               ,19.114
171,Леска               ,Челябинск           ,Серый               ,0.977
170,Ремень              ,Омск                ,Синий               ,0.72
172,Отвёртка            ,Ростов-на-Дону      ,Чёрный              ,0.162
179,Стальной лист       ,Краснодар           ,Чёрный              ,13.538
180,Ручка               ,Волгоград           ,Красный             ,0.668
182,Колесо              ,Барнаул             ,Белый               ,11.999
189,Верёвка             ,Санкт-Петербург     ,Белый               ,1.819
190,Труба               ,Новосибирск         ,Жёлтый              ,18.18
192,Кожух               ,Новгород            ,Серый               ,19.042
198,Колесо              ,Уфа                 ,Синий               ,15.553
202,Ремень              ,Воронеж             ,Зелёный             ,1.516
204,Отвёртка            ,Краснодар           ,Жёлтый              ,0.818
209,Шуруп               ,Тюмень              ,Зелёный             ,0.329
211,Стальной лист       ,Владивосток         ,Жёлтый              ,13.187
10,Ремень              ,Иркутск             ,Серый               ,1.09
18,Гвоздь              ,Самара              ,Чёрный              ,1.839
29,Верёвка             ,Краснодар           ,Жёлтый              ,0.27
41,Болт                ,Екатеринбург        ,Зелёный             ,0.94
51,Стальной лист       ,Красноярск          ,Синий               ,14.848
61,Верёвка             ,Владивосток         ,Красный             ,0.51
69,Поручень            ,Казань              ,Зелёный             ,10.687
78,Труба               ,Саратов             ,Жёлтый              ,15.173
89,Болт                ,Санкт-Петербург     ,Красный             ,0.833
101,Поручень            ,Красноярск          ,Серый               ,11.83
111,Радиатор            ,Владивосток         ,Зелёный             ,16.63
120,Гайка               ,Волгоград           ,Жёлтый              ,0.671
130,Гвоздь              ,Тольятти            ,Чёрный              ,1.489
142,Труба               ,Новгород            ,Синий               ,16.958
150,Колесо              ,Пермь               ,Серый               ,13.995
160,Кожух               ,Иркутск             ,Зелёный             ,17.053
169,Болт                ,Казань              ,Жёлтый              ,1.966
181,Поручень            ,Ижевск              ,Зелёный             ,15.262
191,Радиатор            ,Екатеринбург        ,Синий               ,15.637
200,Гайка               ,Пермь               ,Чёрный              ,1.035
212,Ручка               ,Ярославль           ,Синий               ,0.584
220,Отвёртка            ,Омск                ,Серый               ,1.652
230,Колесо              ,Тольятти            ,Зелёный             ,14.001
241,Шуруп               ,Екатеринбург        ,Серый               ,0.967
250,Ремень              ,Пермь               ,Красный             ,0.954
260,Ручка               ,Иркутск             ,Жёлтый              ,1.506
272,Кожух               ,Ростов-на-Дону      ,Зелёный             ,17.203
280,Гайка               ,Тольятти            ,Белый               ,0.495
290,Гвоздь              ,Новосибирск         ,Серый               ,0.628
301,Верёвка             ,Красноярск          ,Белый               ,1.174
314,Ремень              ,Санкт-Петербург     ,Зелёный             ,1.366
323,Стальной лист       ,Уфа                 ,Жёлтый              ,18.115
331,Леска               ,Ижевск              ,Синий               ,0.141
346,Ремень              ,Челябинск           ,Серый               ,0.669
354,Гвоздь              ,Краснодар           ,Чёрный              ,0.568
363,Леска               ,Москва              ,Зелёный             ,1.904
373,Поручень            ,Уфа                 ,Синий               ,13.297
382,Труба               ,Барнаул             ,Чёрный              ,17.605
393,Болт                ,Самара              ,Жёлтый              ,1.969
407,Шина                ,Барнаул             ,Жёлтый              ,11.357
419,Стальной лист       ,Казань              ,Зелёный             ,16.315
429,Верёвка             ,Краснодар           ,Синий               ,1.71
439,Шина                ,Санкт-Петербург     ,Красный             ,13.48
450,Гвоздь              ,Пермь               ,Синий               ,1.222
458,Ремень              ,Ульяновск           ,Серый               ,1.145
470,Колесо              ,Омск                ,Жёлтый              ,13.216
483,Стальной лист       ,Ульяновск           ,Белый               ,11.819
493,Верёвка             ,Самара              ,Серый               ,1.176
503,Шина                ,Саратов             ,Зелёный             ,19.87
513,Шуруп               ,Москва              ,Синий               ,0.152
524,Отвёртка            ,Волгоград           ,Зелёный             ,0.746
534,Колесо              ,Тюмень              ,Синий               ,14.797
544,Кожух               ,Казань              ,Красный             ,10.712
553,Болт                ,Саратов             ,Белый               ,0.53
562,Гвоздь              ,Ярославль           ,Синий               ,0.847
570,Ремень              ,Омск                ,Серый               ,1.676
581,Поручень            ,Ижевск              ,Белый               ,18.285
592,Кожух               ,Новгород            ,Чёрный              ,18.17
601,Болт                ,Красноярск          ,Зелёный             ,0.158
610,Гвоздь              ,Иркутск             ,Жёлтый              ,1.946
619,Леска               ,Казань              ,Серый               ,0.772
629,Поручень            ,Краснодар           ,Зелёный             ,14.461
639,Радиатор            ,Санкт-Петербург     ,Синий               ,16.081
648,Гайка               ,Уфа                 ,Чёрный              ,1.106
8,Гайка               ,Ульяновск           ,Жёлтый              ,0.45
20,Ручка               ,Омск                ,Зелёный             ,0.724
26,Ремень              ,Красноярск          ,Красный             ,0.902
38,Колесо              ,Москва              ,Серый               ,13.184
49,Шуруп               ,Волгоград           ,Белый               ,0.819
59,Леска               ,Тюмень              ,Серый               ,0.137
70,Колесо              ,Омск                ,Белый               ,10.512
79,Радиатор            ,Краснодар           ,Синий               ,11.716
91,Леска               ,Екатеринбург        ,Белый               ,0.362
100,Ручка               ,Пермь               ,Синий               ,1.081
112,Кожух               ,Ярославль           ,Белый               ,14.476
123,Леска               ,Уфа                 ,Чёрный              ,0.715
132,Ручка               ,Барнаул             ,Зелёный             ,0.668
141,Верёвка             ,Екатеринбург        ,Жёлтый              ,0.958
153,Болт                ,Саратов             ,Зелёный             ,0.209
162,Гвоздь              ,Ярославль           ,Жёлтый              ,0.313
173,Верёвка             ,Уфа                 ,Красный             ,0.509
184,Гайка               ,Тюмень              ,Синий               ,0.689
193,Шуруп               ,Самара              ,Чёрный              ,0.608
203,Леска               ,Саратов             ,Белый               ,0.908
213,Поручень            ,Москва              ,Серый               ,10.739
222,Труба               ,Ростов-на-Дону      ,Красный             ,14.42
232,Гайка               ,Барнаул             ,Жёлтый              ,0.742
242,Гвоздь              ,Новгород            ,Чёрный              ,1.462
249,Болт                ,Волгоград           ,Чёрный              ,1.886
261,Поручень            ,Владивосток         ,Синий               ,15.681
270,Труба               ,Омск                ,Чёрный              ,11.504
281,Болт                ,Ижевск              ,Жёлтый              ,1.388
291,Стальной лист       ,Екатеринбург        ,Чёрный              ,13.239
298,Ремень              ,Уфа                 ,Чёрный              ,1.348
308,Ручка               ,Ульяновск           ,Белый               ,1.37
317,Верёвка             ,Новгород            ,Синий               ,0.747
328,Гайка               ,Саратов             ,Зелёный             ,0.199
339,Стальной лист       ,Санкт-Петербург     ,Серый               ,14.325
349,Верёвка             ,Волгоград           ,Зелёный             ,0.447
371,Стальной лист       ,Челябинск           ,Белый               ,18.415
384,Кожух               ,Тюмень              ,Зелёный             ,13.547
396,Отвёртка            ,Челябинск           ,Чёрный              ,0.742
409,Болт                ,Тюмень              ,Серый               ,0.112
418,Гвоздь              ,Самара              ,Красный             ,1.863
428,Отвёртка            ,Саратов             ,Жёлтый              ,1.027
438,Колесо              ,Москва              ,Чёрный              ,13.889
448,Кожух               ,Уфа                 ,Белый               ,17.562
459,Леска               ,Тюмень              ,Чёрный              ,1.9
468,Ручка               ,Самара              ,Зелёный             ,0.152
474,Ремень              ,Волгоград           ,Красный             ,1.353
487,Шина                ,Ярославль           ,Чёрный              ,10.151
501,Поручень            ,Красноярск          ,Чёрный              ,18.064
510,Труба               ,Иркутск             ,Зелёный             ,15.868
520,Гайка               ,Омск                ,Синий               ,1.015
528,Кожух               ,Саратов             ,Серый               ,11.873
537,Болт                ,Ярославль           ,Красный             ,0.897
547,Стальной лист       ,Ростов-на-Дону      ,Жёлтый              ,17.982
556,Отвёртка            ,Ижевск              ,Серый               ,1.813
566,Колесо              ,Екатеринбург        ,Зелёный             ,10.249
576,Кожух               ,Красноярск          ,Синий               ,10.134
587,Леска               ,Ярославль           ,Зелёный             ,1.808
596,Ручка               ,Челябинск           ,Жёлтый              ,0.181
606,Труба               ,Ижевск              ,Чёрный              ,11.397
615,Шина                ,Новосибирск         ,Зелёный             ,18.874
627,Стальной лист       ,Воронеж             ,Чёрный              ,18.649
635,Леска               ,Иркутск             ,Красный             ,1.777
647,Шина                ,Ростов-на-Дону      ,Серый               ,13.655
7,Шина                ,Барнаул             ,Белый               ,19.703
17,Шуруп               ,Новгород            ,Серый               ,0.131
28,Отвёртка            ,Саратов             ,Белый               ,1.01
36,Ручка               ,Владивосток         ,Жёлтый              ,1.905
47,Радиатор            ,Ростов-на-Дону      ,Красный             ,10.483
56,Гайка               ,Ижевск              ,Белый               ,0.819
64,Кожух               ,Санкт-Петербург     ,Жёлтый              ,18.21
75,Леска               ,Пермь               ,Красный             ,1.233
85,Поручень            ,Иркутск             ,Жёлтый              ,12.593
94,Труба               ,Казань              ,Серый               ,11.841
107,Леска               ,Барнаул             ,Синий               ,0.132
116,Ручка               ,Екатеринбург        ,Чёрный              ,1.08
126,Труба               ,Красноярск          ,Белый               ,17.301
136,Гайка               ,Владивосток         ,Серый               ,0.591
145,Шуруп               ,Омск                ,Красный             ,0.556
155,Леска               ,Тольятти            ,Жёлтый              ,1.212
166,Колесо              ,Екатеринбург        ,Красный             ,14.797
175,Радиатор            ,Пермь               ,Белый               ,10.745
185,Болт                ,Иркутск             ,Серый               ,1.479
195,Стальной лист       ,Омск                ,Зелёный             ,17.278
205,Верёвка             ,Тольятти            ,Синий               ,0.924
214,Колесо              ,Санкт-Петербург     ,Чёрный              ,11.866
224,Кожух               ,Волгоград           ,Белый               ,13.786
231,Шина                ,Ижевск              ,Белый               ,12.806
243,Стальной лист       ,Самара              ,Красный             ,17.416
253,Верёвка             ,Саратов             ,Жёлтый              ,0.819
265,Болт                ,Новосибирск         ,Зелёный             ,1.569
274,Гвоздь              ,Волгоград           ,Жёлтый              ,1.33
287,Радиатор            ,Ярославль           ,Белый               ,17.952
297,Болт                ,Ростов-на-Дону      ,Серый               ,1.55
307,Стальной лист       ,Барнаул             ,Зелёный             ,17.643
318,Труба               ,Самара              ,Серый               ,16.521
327,Шина                ,Воронеж             ,Красный             ,11.371
337,Шуруп               ,Ярославль           ,Жёлтый              ,1.441
348,Отвёртка            ,Уфа                 ,Красный             ,0.326
357,Поручень            ,Барнаул             ,Белый               ,15.595
364,Отвёртка            ,Санкт-Петербург     ,Белый               ,0.728
374,Колесо              ,Волгоград           ,Серый               ,11.985
383,Радиатор            ,Ульяновск           ,Красный             ,18.462
394,Ремень              ,Казань              ,Синий               ,1.606
401,Шуруп               ,Красноярск          ,Синий               ,1.783
411,Леска               ,Владивосток         ,Красный             ,0.491
421,Поручень            ,Челябинск           ,Жёлтый              ,10.835
431,Радиатор            ,Ижевск              ,Чёрный              ,16.663
441,Болт                ,Екатеринбург        ,Белый               ,1.235
449,Шуруп               ,Волгоград           ,Жёлтый              ,0.259
461,Верёвка             ,Владивосток         ,Зелёный             ,1.658
471,Шина                ,Челябинск           ,Синий               ,17.662
475,Леска               ,Пермь               ,Зелёный             ,0.575
491,Леска               ,Екатеринбург        ,Жёлтый              ,1.915
498,Гвоздь              ,Уфа                 ,Жёлтый              ,1.104
511,Радиатор            ,Владивосток         ,Белый               ,15.067
523,Леска               ,Уфа                 ,Красный             ,1.878
533,Поручень            ,Ульяновск           ,Жёлтый              ,19.341
542,Труба               ,Новгород            ,Серый               ,13.382
552,Гайка               ,Воронеж             ,Зелёный             ,1.4
563,Стальной лист       ,Москва              ,Серый               ,18.633
574,Труба               ,Волгоград           ,Белый               ,14.87
585,Болт                ,Иркутск             ,Чёрный              ,0.188
595,Стальной лист       ,Омск                ,Белый               ,12.379
607,Радиатор            ,Барнаул             ,Красный             ,19.827
617,Болт                ,Новгород            ,Жёлтый              ,0.213
625,Шуруп               ,Пермь               ,Синий               ,1.528
636,Отвёртка            ,Владивосток         ,Зелёный             ,0.951
215,Шина                ,Новосибирск         ,Красный             ,12.028
225,Шуруп               ,Пермь               ,Жёлтый              ,1.018
235,Леска               ,Иркутск             ,Чёрный              ,1.424
245,Поручень            ,Омск                ,Белый               ,12.27
255,Радиатор            ,Тольятти            ,Серый               ,15.818
263,Шина                ,Москва              ,Чёрный              ,15.079
273,Шуруп               ,Уфа                 ,Белый               ,0.342
285,Верёвка             ,Иркутск             ,Красный             ,1.864
295,Шина                ,Омск                ,Жёлтый              ,15.513
305,Шуруп               ,Тольятти            ,Чёрный              ,1.736
315,Леска               ,Новосибирск         ,Белый               ,0.183
324,Ручка               ,Волгоград           ,Синий               ,0.54
334,Труба               ,Тюмень              ,Красный             ,19.443
341,Поручень            ,Екатеринбург        ,Красный             ,10.138
352,Кожух               ,Воронеж             ,Синий               ,16.541
365,Верёвка             ,Новосибирск         ,Жёлтый              ,1.183
377,Болт                ,Воронеж             ,Зелёный             ,1.415
387,Стальной лист       ,Ярославль           ,Синий               ,19.789
398,Труба               ,Уфа                 ,Зелёный             ,18.864
406,Колесо              ,Ижевск              ,Белый               ,18.322
413,Верёвка             ,Москва              ,Белый               ,1.649
423,Шина                ,Уфа                 ,Серый               ,11.057
433,Шуруп               ,Ульяновск           ,Зелёный             ,1.317
445,Верёвка             ,Омск                ,Чёрный              ,1.57
453,Поручень            ,Саратов             ,Красный             ,17.58
466,Гвоздь              ,Екатеринбург        ,Чёрный              ,1.025
478,Труба               ,Саратов             ,Синий               ,12.293
485,Поручень            ,Иркутск             ,Синий               ,19.906
494,Труба               ,Казань              ,Чёрный              ,12.68
504,Гайка               ,Краснодар           ,Белый               ,1.065
514,Гвоздь              ,Санкт-Петербург     ,Серый               ,1.613
522,Ремень              ,Ростов-на-Дону      ,Чёрный              ,0.929
532,Ручка               ,Барнаул             ,Белый               ,1.818
543,Радиатор            ,Самара              ,Чёрный              ,10.303
550,Колесо              ,Пермь               ,Чёрный              ,17.778
559,Радиатор            ,Тюмень              ,Зелёный             ,12.287
572,Отвёртка            ,Ростов-на-Дону      ,Красный             ,1.357
582,Колесо              ,Барнаул             ,Жёлтый              ,14.04
589,Верёвка             ,Санкт-Петербург     ,Жёлтый              ,1.618
613,Поручень            ,Москва              ,Чёрный              ,17.597
621,Верёвка             ,Челябинск           ,Красный             ,1.894
630,Колесо              ,Тольятти            ,Белый               ,18.624
640,Кожух               ,Новосибирск         ,Серый               ,10.605
651,Леска               ,Красноярск          ,Белый               ,1.722
662,Колесо              ,Ярославль           ,Чёрный              ,12.398
671,Радиатор            ,Челябинск           ,Зелёный             ,14.875
686,Труба               ,Владивосток         ,Белый               ,16.22
692,Ручка               ,Новгород            ,Зелёный             ,1.462
705,Шуруп               ,Тольятти            ,Красный             ,0.354
713,Болт                ,Москва              ,Зелёный             ,0.665
726,Колесо              ,Красноярск          ,Красный             ,11.958
736,Кожух               ,Владивосток         ,Жёлтый              ,13.666
745,Болт                ,Омск                ,Серый               ,0.227
756,Ручка               ,Ижевск              ,Белый               ,1.367
765,Верёвка             ,Новосибирск         ,Синий               ,1.331
776,Гайка               ,Красноярск          ,Зелёный             ,0.339
785,Шуруп               ,Иркутск             ,Жёлтый              ,0.346
796,Отвёртка            ,Челябинск           ,Красный             ,1.265
806,Колесо              ,Ижевск              ,Жёлтый              ,13.03
817,Шуруп               ,Новгород            ,Красный             ,0.363
826,Ремень              ,Красноярск          ,Белый               ,0.971
838,Колесо              ,Москва              ,Красный             ,12.519
849,Шуруп               ,Волгоград           ,Синий               ,1.444
219,Леска               ,Казань              ,Синий               ,0.886
229,Поручень            ,Краснодар           ,Красный             ,18.148
239,Радиатор            ,Санкт-Петербург     ,Жёлтый              ,18.263
252,Отвёртка            ,Воронеж             ,Белый               ,1.043
262,Колесо              ,Ярославль           ,Серый               ,17.914
271,Радиатор            ,Челябинск           ,Красный             ,19.692
282,Ремень              ,Барнаул             ,Синий               ,1.177
293,Поручень            ,Самара              ,Зелёный             ,19.079
302,Труба               ,Воронеж             ,Жёлтый              ,13.935
311,Шина                ,Владивосток         ,Серый               ,16.11
322,Гвоздь              ,Ростов-на-Дону      ,Белый               ,1.987
335,Радиатор            ,Иркутск             ,Зелёный             ,14.412
343,Шина                ,Самара              ,Белый               ,15.286
351,Радиатор            ,Красноярск          ,Жёлтый              ,11.355
367,Радиатор            ,Новгород            ,Серый               ,16.272
376,Гайка               ,Красноярск          ,Красный             ,0.171
386,Гвоздь              ,Владивосток         ,Жёлтый              ,1.124
392,Гайка               ,Новгород            ,Белый               ,0.534
402,Гвоздь              ,Воронеж             ,Серый               ,0.36
412,Отвёртка            ,Ярославль           ,Зелёный             ,0.43
422,Колесо              ,Ростов-на-Дону      ,Синий               ,16.559
432,Кожух               ,Барнаул             ,Красный             ,13.23
442,Ремень              ,Новгород            ,Жёлтый              ,1.749
455,Шина                ,Тольятти            ,Белый               ,16.356
465,Шуруп               ,Новосибирск         ,Серый               ,0.28
477,Верёвка             ,Воронеж             ,Жёлтый              ,1.145
489,Болт                ,Санкт-Петербург     ,Зелёный             ,0.349
500,Ручка               ,Пермь               ,Серый               ,0.178
506,Ремень              ,Ижевск              ,Синий               ,0.964
521,Болт                ,Челябинск           ,Серый               ,1.93
529,Шуруп               ,Краснодар           ,Чёрный              ,0.274
541,Верёвка             ,Екатеринбург        ,Синий               ,0.488
554,Ремень              ,Краснодар           ,Жёлтый              ,0.468
564,Ручка               ,Санкт-Петербург     ,Чёрный              ,1.789
573,Верёвка             ,Уфа                 ,Зелёный             ,1.424
583,Шина                ,Ульяновск           ,Синий               ,13.887
594,Гвоздь              ,Казань              ,Зелёный             ,1.12
604,Отвёртка            ,Краснодар           ,Синий               ,1.745
614,Колесо              ,Санкт-Петербург     ,Красный             ,19.489
624,Кожух               ,Волгоград           ,Жёлтый              ,13.217
634,Ремень              ,Тюмень              ,Чёрный              ,0.248
643,Стальной лист       ,Самара              ,Зелёный             ,11.433
654,Труба               ,Краснодар           ,Серый               ,13.135
664,Гайка               ,Санкт-Петербург     ,Зелёный             ,1.355
674,Гвоздь              ,Волгоград           ,Синий               ,1.021
681,Болт                ,Ижевск              ,Синий               ,0.172
693,Поручень            ,Самара              ,Белый               ,14.945
702,Труба               ,Воронеж             ,Синий               ,19.815
712,Гайка               ,Ярославль           ,Красный             ,0.865
721,Шуруп               ,Челябинск           ,Белый               ,0.488
731,Леска               ,Ижевск              ,Серый               ,0.454
741,Поручень            ,Екатеринбург        ,Зелёный             ,18.66
750,Труба               ,Пермь               ,Жёлтый              ,10.777
760,Гайка               ,Иркутск             ,Чёрный              ,0.888
771,Стальной лист       ,Челябинск           ,Жёлтый              ,14.003
781,Верёвка             ,Ижевск              ,Чёрный              ,0.473
791,Шина                ,Екатеринбург        ,Белый               ,11.613
798,Труба               ,Уфа                 ,Белый               ,12.453
808,Гайка               ,Ульяновск           ,Серый               ,1.249
818,Гвоздь              ,Самара              ,Зелёный             ,0.747
828,Отвёртка            ,Саратов             ,Синий               ,0.887
834,Гвоздь              ,Тюмень              ,Жёлтый              ,1.856
846,Труба               ,Челябинск           ,Зелёный             ,16.053
855,Шина                ,Тольятти            ,Жёлтый              ,12.954
223,Радиатор            ,Уфа                 ,Зелёный             ,17.692
233,Болт                ,Ульяновск           ,Синий               ,0.548
240,Кожух               ,Новосибирск         ,Синий               ,7.46
251,Леска               ,Красноярск          ,Зелёный             ,1.373
259,Стальной лист       ,Тюмень              ,Белый               ,15.038
269,Верёвка             ,Казань              ,Серый               ,1.632
279,Шина                ,Краснодар           ,Зелёный             ,13.799
289,Шуруп               ,Санкт-Петербург     ,Синий               ,0.721
310,Колесо              ,Иркутск             ,Синий               ,14.359
319,Радиатор            ,Казань              ,Чёрный              ,10.504
332,Отвёртка            ,Барнаул             ,Серый               ,1.298
344,Гайка               ,Казань              ,Жёлтый              ,0.993
355,Стальной лист       ,Тольятти            ,Красный             ,18.648
361,Болт                ,Владивосток         ,Чёрный              ,0.752
372,Ручка               ,Ростов-на-Дону      ,Жёлтый              ,1.689
380,Отвёртка            ,Тольятти            ,Синий               ,0.173
390,Колесо              ,Новосибирск         ,Красный             ,16.394
400,Кожух               ,Пермь               ,Жёлтый              ,11.349
410,Ремень              ,Иркутск             ,Чёрный              ,1.7
420,Ручка               ,Волгоград           ,Белый               ,1.402
430,Труба               ,Тольятти            ,Серый               ,10.282
440,Гайка               ,Новосибирск         ,Зелёный             ,1.082
451,Стальной лист       ,Красноярск          ,Серый               ,19.993
460,Отвёртка            ,Иркутск             ,Красный             ,0.723
469,Поручень            ,Казань              ,Белый               ,17.73
481,Шуруп               ,Ижевск              ,Красный             ,1.872
490,Ремень              ,Новосибирск         ,Белый               ,0.603
496,Кожух               ,Челябинск           ,Зелёный             ,10.068
507,Леска               ,Барнаул             ,Серый               ,1.707
519,Шина                ,Казань              ,Жёлтый              ,14.4
526,Труба               ,Красноярск          ,Жёлтый              ,19.694
535,Шина                ,Иркутск             ,Серый               ,15.363
545,Шуруп               ,Омск                ,Зелёный             ,1.867
555,Леска               ,Тольятти            ,Синий               ,1.45
565,Поручень            ,Новосибирск         ,Красный             ,18.651
575,Радиатор            ,Пермь               ,Жёлтый              ,16.427
584,Гайка               ,Тюмень              ,Серый               ,1.674
593,Шуруп               ,Самара              ,Красный             ,1.311
603,Леска               ,Саратов             ,Жёлтый              ,1.458
612,Ручка               ,Ярославль           ,Серый               ,1.993
622,Труба               ,Ростов-на-Дону      ,Зелёный             ,19.947
631,Шина                ,Ижевск              ,Жёлтый              ,13.423
641,Шуруп               ,Екатеринбург        ,Чёрный              ,1.496
652,Отвёртка            ,Воронеж             ,Жёлтый              ,0.23
670,Труба               ,Омск                ,Красный             ,16.964
680,Гайка               ,Тольятти            ,Жёлтый              ,1.052
690,Гвоздь              ,Новосибирск         ,Чёрный              ,1.605
697,Болт                ,Ростов-на-Дону      ,Чёрный              ,1.819
708,Ручка               ,Ульяновск           ,Жёлтый              ,1.787
727,Шина                ,Воронеж             ,Зелёный             ,18.331
737,Шуруп               ,Ярославль           ,Синий               ,1.655
747,Леска               ,Ростов-на-Дону      ,Красный             ,0.973
757,Поручень            ,Барнаул             ,Жёлтый              ,11.326
764,Отвёртка            ,Санкт-Петербург     ,Жёлтый              ,0.734
774,Колесо              ,Волгоград           ,Чёрный              ,18.675
784,Кожух               ,Тюмень              ,Белый               ,18.005
794,Ремень              ,Казань              ,Серый               ,1.768
805,Поручень            ,Тольятти            ,Белый               ,12.751
815,Радиатор            ,Новосибирск         ,Серый               ,11.421
825,Болт                ,Пермь               ,Зелёный             ,1.639
837,Поручень            ,Ярославль           ,Чёрный              ,16.48
847,Радиатор            ,Ростов-на-Дону      ,Белый               ,13.252
858,Ремень              ,Ульяновск           ,Чёрный              ,0.773
870,Колесо              ,Омск                ,Синий               ,15.399
321,Шуруп               ,Челябинск           ,Зелёный             ,1.45
329,Болт                ,Краснодар           ,Белый               ,0.324
338,Гвоздь              ,Москва              ,Синий               ,1.981
350,Труба               ,Пермь               ,Белый               ,17.538
359,Шина                ,Тюмень              ,Синий               ,15.228
369,Шуруп               ,Казань              ,Красный             ,0.331
379,Леска               ,Краснодар           ,Жёлтый              ,1.039
389,Поручень            ,Санкт-Петербург     ,Чёрный              ,19.537
399,Радиатор            ,Волгоград           ,Белый               ,11.545
408,Гайка               ,Ульяновск           ,Синий               ,1.77
417,Шуруп               ,Новгород            ,Чёрный              ,0.965
425,Болт                ,Пермь               ,Красный             ,0.17
436,Ручка               ,Владивосток         ,Синий               ,1.855
444,Отвёртка            ,Казань              ,Серый               ,1.813
454,Колесо              ,Краснодар           ,Зелёный             ,19.816
467,Стальной лист       ,Новгород            ,Красный             ,18.544
479,Радиатор            ,Краснодар           ,Серый               ,19.741
486,Колесо              ,Владивосток         ,Серый               ,11.139
497,Шуруп               ,Ростов-на-Дону      ,Белый               ,1.408
509,Верёвка             ,Тюмень              ,Красный             ,1.864
517,Поручень            ,Новгород            ,Зелёный             ,12.853
531,Стальной лист       ,Ижевск              ,Зелёный             ,13.205
539,Леска               ,Санкт-Петербург     ,Белый               ,0.13
549,Поручень            ,Волгоград           ,Серый               ,17.024
557,Верёвка             ,Барнаул             ,Чёрный              ,1.259
568,Гайка               ,Самара              ,Жёлтый              ,0.448
580,Ручка               ,Тольятти            ,Зелёный             ,1.578
590,Труба               ,Новосибирск         ,Синий               ,19.784
602,Ремень              ,Воронеж             ,Белый               ,1.887
611,Стальной лист       ,Владивосток         ,Синий               ,17.172
618,Ремень              ,Самара              ,Синий               ,0.261
628,Ручка               ,Саратов             ,Красный             ,1.601
638,Труба               ,Москва              ,Жёлтый              ,10.933
650,Ремень              ,Пермь               ,Зелёный             ,0.976
659,Стальной лист       ,Тюмень              ,Жёлтый              ,19.394
669,Верёвка             ,Казань              ,Чёрный              ,1.36
678,Колесо              ,Саратов             ,Зелёный             ,14.206
689,Шуруп               ,Санкт-Петербург     ,Серый               ,1.75
699,Леска               ,Волгоград           ,Зелёный             ,0.605
709,Поручень            ,Тюмень              ,Синий               ,18.779
722,Гвоздь              ,Ростов-на-Дону      ,Жёлтый              ,0.916
732,Отвёртка            ,Барнаул             ,Чёрный              ,0.758
742,Колесо              ,Новгород            ,Белый               ,13.451
752,Кожух               ,Воронеж             ,Серый               ,17.849
762,Ремень              ,Ярославль           ,Зелёный             ,0.503
769,Шуруп               ,Казань              ,Зелёный             ,1.391
779,Леска               ,Краснодар           ,Синий               ,1.285
789,Поручень            ,Санкт-Петербург     ,Красный             ,12.551
801,Шуруп               ,Красноярск          ,Серый               ,1.434
809,Болт                ,Тюмень              ,Чёрный              ,1.338
819,Стальной лист       ,Казань              ,Белый               ,19.307
829,Верёвка             ,Краснодар           ,Серый               ,1.698
839,Шина                ,Санкт-Петербург     ,Зелёный             ,17.272
848,Кожух               ,Уфа                 ,Жёлтый              ,12.614
857,Болт                ,Барнаул             ,Серый               ,0.595
867,Стальной лист       ,Новгород            ,Зелёный             ,16.184
877,Верёвка             ,Воронеж             ,Синий               ,1.15
887,Шина                ,Ярославль           ,Красный             ,11.224
896,Кожух               ,Челябинск           ,Белый               ,14.306
906,Ремень              ,Ижевск              ,Серый               ,1.613
916,Ручка               ,Екатеринбург        ,Зелёный             ,1.127
926,Труба               ,Красноярск          ,Синий               ,19.231
937,Болт                ,Ярославль           ,Зелёный             ,1.354
948,Ручка               ,Уфа                 ,Серый               ,0.48
330,Ремень              ,Тольятти            ,Жёлтый              ,0.388
340,Ручка               ,Новосибирск         ,Чёрный              ,1.247
347,Леска               ,Ростов-на-Дону      ,Чёрный              ,0.499
358,Колесо              ,Ульяновск           ,Жёлтый              ,19.781
368,Кожух               ,Самара              ,Чёрный              ,10.76
378,Ремень              ,Саратов             ,Белый               ,0.512
388,Ручка               ,Москва              ,Серый               ,0.789
397,Верёвка             ,Ростов-на-Дону      ,Красный             ,1.004
404,Ручка               ,Краснодар           ,Красный             ,0.305
415,Радиатор            ,Новосибирск         ,Синий               ,18.15
427,Леска               ,Воронеж             ,Белый               ,0.164
435,Стальной лист       ,Иркутск             ,Жёлтый              ,13.41
446,Труба               ,Челябинск           ,Красный             ,15.487
452,Ручка               ,Воронеж             ,Чёрный              ,1.61
462,Труба               ,Ярославль           ,Белый               ,10.204
472,Гайка               ,Ростов-на-Дону      ,Серый               ,0.748
482,Гвоздь              ,Барнаул             ,Зелёный             ,0.49
492,Отвёртка            ,Новгород            ,Синий               ,0.262
502,Колесо              ,Воронеж             ,Красный             ,14.312
512,Кожух               ,Ярославль           ,Жёлтый              ,10.415
516,Ручка               ,Екатеринбург        ,Красный             ,1.403
527,Радиатор            ,Воронеж             ,Синий               ,15.785
538,Ремень              ,Москва              ,Зелёный             ,0.779
548,Ручка               ,Уфа                 ,Синий               ,1.991
558,Труба               ,Ульяновск           ,Красный             ,15.614
567,Шина                ,Новгород            ,Белый               ,11.918
577,Шуруп               ,Воронеж             ,Серый               ,0.884
586,Ремень              ,Владивосток         ,Красный             ,1.003
597,Поручень            ,Ростов-на-Дону      ,Синий               ,11.656
605,Верёвка             ,Тольятти            ,Серый               ,0.593
616,Гайка               ,Екатеринбург        ,Белый               ,0.965
626,Гвоздь              ,Красноярск          ,Серый               ,1.346
637,Верёвка             ,Ярославль           ,Белый               ,0.313
646,Колесо              ,Челябинск           ,Синий               ,12.739
656,Кожух               ,Ижевск              ,Красный             ,13.808
663,Шина                ,Москва              ,Красный             ,18.939
673,Шуруп               ,Уфа                 ,Жёлтый              ,1.324
685,Верёвка             ,Иркутск             ,Зелёный             ,0.905
695,Шина                ,Омск                ,Синий               ,17.428
704,Кожух               ,Краснодар           ,Чёрный              ,14.803
715,Леска               ,Новосибирск         ,Жёлтый              ,1.03
724,Ручка               ,Волгоград           ,Серый               ,0.569
733,Верёвка             ,Ульяновск           ,Красный             ,0.479
743,Шина                ,Самара              ,Жёлтый              ,18.226
753,Шуруп               ,Саратов             ,Чёрный              ,1.766
763,Леска               ,Москва              ,Белый               ,1.974
773,Поручень            ,Уфа                 ,Серый               ,19.281
783,Радиатор            ,Ульяновск           ,Зелёный             ,13.567
793,Болт                ,Самара              ,Синий               ,1.875
803,Стальной лист       ,Саратов             ,Красный             ,15.714
814,Труба               ,Санкт-Петербург     ,Синий               ,11.134
827,Леска               ,Воронеж             ,Жёлтый              ,1.691
835,Стальной лист       ,Иркутск             ,Синий               ,18.124
845,Верёвка             ,Омск                ,Красный             ,1.848
856,Гайка               ,Ижевск              ,Синий               ,0.37
866,Гвоздь              ,Екатеринбург        ,Красный             ,0.566
876,Отвёртка            ,Красноярск          ,Жёлтый              ,1.509
886,Колесо              ,Владивосток         ,Чёрный              ,17.112
898,Гвоздь              ,Уфа                 ,Синий               ,0.338
907,Леска               ,Барнаул             ,Чёрный              ,1.038
917,Поручень            ,Новгород            ,Белый               ,18.92
927,Радиатор            ,Воронеж             ,Серый               ,15.852
936,Гайка               ,Владивосток         ,Красный             ,1.377
946,Гвоздь              ,Челябинск           ,Жёлтый              ,0.896
645,Поручень            ,Омск                ,Жёлтый              ,12.271
653,Верёвка             ,Саратов             ,Синий               ,0.761
666,Ремень              ,Екатеринбург        ,Жёлтый              ,1.456
676,Ручка               ,Красноярск          ,Чёрный              ,1.551
684,Отвёртка            ,Тюмень              ,Красный             ,1.17
694,Колесо              ,Казань              ,Жёлтый              ,13.74
703,Радиатор            ,Саратов             ,Серый               ,18.081
714,Ремень              ,Санкт-Петербург     ,Белый               ,0.613
725,Поручень            ,Пермь               ,Чёрный              ,14.319
734,Труба               ,Тюмень              ,Зелёный             ,18.736
744,Гайка               ,Казань              ,Синий               ,1.327
754,Гвоздь              ,Краснодар           ,Красный             ,1.063
766,Труба               ,Екатеринбург        ,Серый               ,11.578
777,Болт                ,Воронеж             ,Белый               ,0.949
787,Стальной лист       ,Ярославль           ,Серый               ,17.889
797,Верёвка             ,Ростов-на-Дону      ,Зелёный             ,0.787
804,Ручка               ,Краснодар           ,Зелёный             ,0.887
816,Кожух               ,Екатеринбург        ,Чёрный              ,16.761
824,Гайка               ,Волгоград           ,Красный             ,0.613
836,Ручка               ,Владивосток         ,Серый               ,0.131
844,Отвёртка            ,Казань              ,Чёрный              ,1.356
852,Ручка               ,Воронеж             ,Красный             ,0.715
862,Труба               ,Ярославль           ,Жёлтый              ,10.895
872,Гайка               ,Ростов-на-Дону      ,Чёрный              ,1.479
882,Гвоздь              ,Барнаул             ,Белый               ,1.874
892,Отвёртка            ,Новгород            ,Серый               ,0.795
903,Шина                ,Саратов             ,Белый               ,14.408
912,Кожух               ,Ярославль           ,Синий               ,10.514
922,Ремень              ,Ростов-на-Дону      ,Красный             ,0.851
934,Колесо              ,Тюмень              ,Серый               ,12.219
945,Шуруп               ,Омск                ,Белый               ,0.576
952,Гайка               ,Воронеж             ,Белый               ,0.783
963,Стальной лист       ,Москва              ,Чёрный              ,17.506
974,Труба               ,Волгоград           ,Жёлтый              ,16.341
982,Колесо              ,Барнаул             ,Синий               ,16.077
993,Шуруп               ,Самара              ,Зелёный             ,0.731
1001,Болт                ,Красноярск          ,Белый               ,0.726
1016,Гайка               ,Екатеринбург        ,Жёлтый              ,0.405
1026,Гвоздь              ,Красноярск          ,Чёрный              ,0.999
1034,Ремень              ,Тюмень              ,Красный             ,0.635
1044,Ручка               ,Казань              ,Жёлтый              ,0.487
1054,Труба               ,Краснодар           ,Чёрный              ,16.591
1065,Болт                ,Новосибирск         ,Жёлтый              ,0.379
1078,Колесо              ,Саратов             ,Белый               ,11.396
1090,Гвоздь              ,Новосибирск         ,Красный             ,1.414
1098,Ремень              ,Уфа                 ,Зелёный             ,0.773
1109,Поручень            ,Тюмень              ,Серый               ,11.799
1119,Радиатор            ,Казань              ,Зелёный             ,11.042
1126,Колесо              ,Красноярск          ,Зелёный             ,18.829
1136,Кожух               ,Владивосток         ,Синий               ,14.369
1149,Верёвка             ,Волгоград           ,Жёлтый              ,1.194
1158,Колесо              ,Ульяновск           ,Серый               ,18.625
1169,Шуруп               ,Казань              ,Белый               ,1.879
1179,Леска               ,Краснодар           ,Серый               ,0.265
1189,Поручень            ,Санкт-Петербург     ,Зелёный             ,12.213
649,Болт                ,Волгоград           ,Красный             ,1.655
661,Поручень            ,Владивосток         ,Серый               ,10.383
672,Кожух               ,Ростов-на-Дону      ,Белый               ,11.279
682,Ремень              ,Барнаул             ,Серый               ,0.253
696,Гайка               ,Челябинск           ,Серый               ,0.37
706,Гвоздь              ,Ижевск              ,Зелёный             ,1.835
716,Отвёртка            ,Екатеринбург        ,Синий               ,0.729
723,Стальной лист       ,Уфа                 ,Синий               ,18.013
735,Радиатор            ,Иркутск             ,Белый               ,16.958
746,Ремень              ,Челябинск           ,Чёрный              ,1.963
755,Стальной лист       ,Тольятти            ,Зелёный             ,14.11
767,Радиатор            ,Новгород            ,Чёрный              ,15.479
775,Шина                ,Пермь               ,Красный             ,10.65
786,Гвоздь              ,Владивосток         ,Синий               ,0.51
795,Леска               ,Омск                ,Чёрный              ,0.165
807,Шина                ,Барнаул             ,Синий               ,15.267
813,Верёвка             ,Москва              ,Жёлтый              ,1.899
823,Шина                ,Уфа                 ,Чёрный              ,18.211
833,Шуруп               ,Ульяновск           ,Белый               ,0.212
843,Леска               ,Самара              ,Серый               ,1.476
854,Колесо              ,Краснодар           ,Белый               ,11.938
863,Радиатор            ,Москва              ,Синий               ,17.719
873,Болт                ,Уфа                 ,Красный             ,1.235
883,Стальной лист       ,Ульяновск           ,Жёлтый              ,15.927
893,Верёвка             ,Самара              ,Чёрный              ,0.634
901,Поручень            ,Красноярск          ,Красный             ,13.727
911,Радиатор            ,Владивосток         ,Жёлтый              ,10.391
921,Болт                ,Челябинск           ,Чёрный              ,1.908
931,Стальной лист       ,Ижевск              ,Белый               ,17.166
943,Радиатор            ,Самара              ,Красный             ,19.36
956,Отвёртка            ,Ижевск              ,Чёрный              ,0.9
966,Колесо              ,Екатеринбург        ,Белый               ,13.7
975,Радиатор            ,Пермь               ,Синий               ,15.629
984,Гайка               ,Тюмень              ,Чёрный              ,1.075
992,Кожух               ,Новгород            ,Красный             ,14.44
1004,Отвёртка            ,Краснодар           ,Серый               ,0.874
1012,Ручка               ,Ярославль           ,Чёрный              ,1.295
1021,Верёвка             ,Челябинск           ,Зелёный             ,0.818
1031,Шина                ,Ижевск              ,Синий               ,14.545
1041,Шуруп               ,Екатеринбург        ,Красный             ,0.437
1051,Леска               ,Красноярск          ,Жёлтый              ,1.052
1061,Поручень            ,Владивосток         ,Чёрный              ,12.782
1071,Радиатор            ,Челябинск           ,Белый               ,18.331
1081,Болт                ,Ижевск              ,Серый               ,0.267
1093,Поручень            ,Самара              ,Жёлтый              ,16.906
1100,Отвёртка            ,Пермь               ,Жёлтый              ,0.111
1108,Ручка               ,Ульяновск           ,Синий               ,0.435
1118,Труба               ,Самара              ,Красный             ,17.216
1130,Ремень              ,Тольятти            ,Серый               ,0.504
1147,Леска               ,Ростов-на-Дону      ,Зелёный             ,0.475
1156,Ручка               ,Ижевск              ,Жёлтый              ,0.164
1166,Труба               ,Екатеринбург        ,Чёрный              ,19.676
1177,Болт                ,Воронеж             ,Жёлтый              ,1.38
1192,Гайка               ,Новгород            ,Синий               ,0.415
655,Радиатор            ,Тольятти            ,Чёрный              ,16.513
665,Болт                ,Новосибирск         ,Белый               ,0.209
675,Стальной лист       ,Пермь               ,Серый               ,19.615
683,Леска               ,Ульяновск           ,Чёрный              ,1.758
691,Стальной лист       ,Екатеринбург        ,Красный             ,15.428
701,Верёвка             ,Красноярск          ,Жёлтый              ,1.926
711,Шина                ,Владивосток         ,Чёрный              ,12.56
719,Радиатор            ,Казань              ,Красный             ,14.559
729,Болт                ,Краснодар           ,Жёлтый              ,0.941
740,Ручка               ,Новосибирск         ,Красный             ,0.696
749,Верёвка             ,Волгоград           ,Белый               ,1.659
759,Шина                ,Тюмень              ,Серый               ,15.87
770,Гвоздь              ,Омск                ,Белый               ,1.343
780,Отвёртка            ,Волгоград           ,Серый               ,1.98
790,Колесо              ,Новосибирск         ,Зелёный             ,15.737
799,Радиатор            ,Волгоград           ,Жёлтый              ,10.956
810,Ремень              ,Иркутск             ,Красный             ,1.642
821,Поручень            ,Челябинск           ,Синий               ,15.879
832,Кожух               ,Барнаул             ,Зелёный             ,14.683
842,Ремень              ,Новгород            ,Синий               ,1.158
853,Поручень            ,Саратов             ,Зелёный             ,10.346
865,Шуруп               ,Новосибирск         ,Чёрный              ,0.875
875,Леска               ,Пермь               ,Белый               ,0.804
885,Поручень            ,Иркутск             ,Серый               ,18.139
895,Радиатор            ,Омск                ,Зелёный             ,17.892
905,Болт                ,Тольятти            ,Синий               ,1.027
914,Гвоздь              ,Санкт-Петербург     ,Чёрный              ,1.557
925,Верёвка             ,Пермь               ,Жёлтый              ,0.599
935,Шина                ,Иркутск             ,Чёрный              ,19.291
942,Труба               ,Новгород            ,Чёрный              ,19.565
953,Болт                ,Саратов             ,Жёлтый              ,0.757
962,Гвоздь              ,Ярославль           ,Серый               ,0.197
973,Верёвка             ,Уфа                 ,Белый               ,1.088
983,Шина                ,Ульяновск           ,Серый               ,10.025
994,Гвоздь              ,Казань              ,Белый               ,1.606
1008,Кожух               ,Ульяновск           ,Белый               ,11.502
1017,Болт                ,Новгород            ,Синий               ,0.195
1024,Кожух               ,Волгоград           ,Синий               ,17.584
1036,Отвёртка            ,Владивосток         ,Белый               ,0.465
1046,Колесо              ,Челябинск           ,Серый               ,11.128
1056,Кожух               ,Ижевск              ,Зелёный             ,18.408
1068,Отвёртка            ,Самара              ,Чёрный              ,1.769
1079,Шина                ,Краснодар           ,Жёлтый              ,19.033
1088,Кожух               ,Москва              ,Серый               ,10.443
1103,Радиатор            ,Саратов             ,Чёрный              ,16.23
1113,Болт                ,Москва              ,Белый               ,1.359
1120,Кожух               ,Омск                ,Белый               ,19.961
1131,Леска               ,Ижевск              ,Чёрный              ,1.494
1141,Поручень            ,Екатеринбург        ,Белый               ,18.66
1151,Радиатор            ,Красноярск          ,Серый               ,17.657
1161,Болт                ,Владивосток         ,Зелёный             ,0.208
1171,Стальной лист       ,Челябинск           ,Синий               ,15.615
1181,Верёвка             ,Ижевск              ,Красный             ,0.346
1187,Стальной лист       ,Ярославль           ,Чёрный              ,15.217
1197,Верёвка             ,Ростов-на-Дону      ,Белый               ,1.326
657,Шуруп               ,Барнаул             ,Зелёный             ,0.341
667,Леска               ,Новгород            ,Синий               ,1.345
677,Поручень            ,Воронеж             ,Красный             ,10.218
687,Радиатор            ,Ярославль           ,Жёлтый              ,17.377
700,Отвёртка            ,Пермь               ,Белый               ,1.123
707,Стальной лист       ,Барнаул             ,Белый               ,17.045
717,Верёвка             ,Новгород            ,Серый               ,1.211
728,Гайка               ,Саратов             ,Белый               ,1.266
738,Гвоздь              ,Москва              ,Серый               ,0.975
748,Отвёртка            ,Уфа                 ,Зелёный             ,0.772
758,Колесо              ,Ульяновск           ,Синий               ,13.744
768,Кожух               ,Самара              ,Красный             ,13.245
778,Ремень              ,Саратов             ,Жёлтый              ,1.468
788,Ручка               ,Москва              ,Чёрный              ,1.678
800,Кожух               ,Пермь               ,Синий               ,12.782
812,Отвёртка            ,Ярославль           ,Белый               ,1.976
822,Колесо              ,Ростов-на-Дону      ,Серый               ,11.779
831,Радиатор            ,Ижевск              ,Красный             ,11.224
840,Гайка               ,Волгоград           ,Белый               ,1.153
850,Гвоздь              ,Пермь               ,Серый               ,1.471
860,Отвёртка            ,Иркутск             ,Зелёный             ,0.222
869,Поручень            ,Казань              ,Жёлтый              ,12.538
879,Радиатор            ,Краснодар           ,Чёрный              ,17.121
890,Ремень              ,Новосибирск         ,Жёлтый              ,1.563
902,Колесо              ,Воронеж             ,Зелёный             ,10.425
913,Шуруп               ,Москва              ,Серый               ,1.048
923,Леска               ,Уфа                 ,Зелёный             ,0.453
933,Поручень            ,Ульяновск           ,Синий               ,16.954
941,Верёвка             ,Екатеринбург        ,Серый               ,1.315
950,Колесо              ,Пермь               ,Красный             ,10.172
959,Радиатор            ,Тюмень              ,Белый               ,16.035
969,Болт                ,Казань              ,Серый               ,0.304
980,Ручка               ,Тольятти            ,Белый               ,0.727
991,Радиатор            ,Екатеринбург        ,Чёрный              ,18.189
1002,Ремень              ,Воронеж             ,Жёлтый              ,1.173
1011,Стальной лист       ,Владивосток         ,Серый               ,14.747
1022,Труба               ,Ростов-на-Дону      ,Белый               ,10.536
1032,Гайка               ,Барнаул             ,Серый               ,1.505
1042,Гвоздь              ,Новгород            ,Зелёный             ,0.237
1053,Верёвка             ,Саратов             ,Серый               ,0.727
1063,Шина                ,Москва              ,Зелёный             ,10.869
1073,Шуруп               ,Уфа                 ,Синий               ,0.692
1083,Леска               ,Ульяновск           ,Красный             ,1.836
1092,Ручка               ,Новгород            ,Белый               ,1.846
1102,Труба               ,Воронеж             ,Серый               ,15.479
1111,Шина                ,Владивосток         ,Красный             ,16.944
1122,Гвоздь              ,Ростов-на-Дону      ,Синий               ,0.416
1132,Отвёртка            ,Барнаул             ,Красный             ,1.031
1143,Шина                ,Самара              ,Синий               ,11.359
1152,Кожух               ,Воронеж             ,Чёрный              ,10.998
1162,Ремень              ,Ярославль           ,Белый               ,1.499
1173,Поручень            ,Уфа                 ,Чёрный              ,17.937
1183,Радиатор            ,Ульяновск           ,Белый               ,15.873
1190,Колесо              ,Новосибирск         ,Белый               ,11.104
1199,Радиатор            ,Волгоград           ,Синий               ,19.679
658,Гвоздь              ,Ульяновск           ,Белый               ,1.544
668,Отвёртка            ,Самара              ,Серый               ,1.477
679,Шина                ,Краснодар           ,Белый               ,13.651
688,Кожух               ,Москва              ,Синий               ,17.956
698,Ремень              ,Уфа                 ,Красный             ,0.529
710,Колесо              ,Иркутск             ,Серый               ,19.93
718,Труба               ,Самара              ,Чёрный              ,17.382
730,Ремень              ,Тольятти            ,Синий               ,1.37
739,Стальной лист       ,Санкт-Петербург     ,Чёрный              ,12.053
751,Радиатор            ,Красноярск          ,Синий               ,17.873
761,Болт                ,Владивосток         ,Красный             ,1.603
772,Ручка               ,Ростов-на-Дону      ,Синий               ,1.86
782,Труба               ,Барнаул             ,Красный             ,13.964
792,Гайка               ,Новгород            ,Жёлтый              ,1.274
802,Гвоздь              ,Воронеж             ,Чёрный              ,1.064
811,Леска               ,Владивосток         ,Зелёный             ,0.525
820,Ручка               ,Омск                ,Жёлтый              ,1.195
830,Труба               ,Тольятти            ,Чёрный              ,14.886
841,Болт                ,Екатеринбург        ,Жёлтый              ,0.357
851,Стальной лист       ,Красноярск          ,Чёрный              ,11.114
861,Верёвка             ,Владивосток         ,Белый               ,1.159
871,Шина                ,Челябинск           ,Серый               ,18.512
881,Шуруп               ,Ижевск              ,Зелёный             ,1.841
891,Леска               ,Екатеринбург        ,Синий               ,1.795
908,Отвёртка            ,Ульяновск           ,Красный             ,1.262
919,Шина                ,Казань              ,Синий               ,14.372
929,Шуруп               ,Краснодар           ,Красный             ,1.524
940,Отвёртка            ,Новосибирск         ,Синий               ,1.284
951,Шина                ,Красноярск          ,Зелёный             ,15.319
964,Ручка               ,Санкт-Петербург     ,Красный             ,1.66
972,Отвёртка            ,Ростов-на-Дону      ,Зелёный             ,0.548
985,Болт                ,Иркутск             ,Красный             ,1.828
995,Стальной лист       ,Омск                ,Жёлтый              ,17.087
1005,Верёвка             ,Тольятти            ,Чёрный              ,1.069
1014,Колесо              ,Санкт-Петербург     ,Зелёный             ,17.004
1025,Шуруп               ,Пермь               ,Серый               ,1.415
1035,Леска               ,Иркутск             ,Зелёный             ,1.443
1045,Поручень            ,Омск                ,Синий               ,12.573
1055,Радиатор            ,Тольятти            ,Красный             ,10.965
1064,Гайка               ,Санкт-Петербург     ,Белый               ,0.354
1074,Гвоздь              ,Волгоград           ,Серый               ,0.633
1084,Отвёртка            ,Тюмень              ,Зелёный             ,1.912
1094,Колесо              ,Казань              ,Синий               ,11.096
1105,Шуруп               ,Тольятти            ,Зелёный             ,1.457
1114,Ремень              ,Санкт-Петербург     ,Жёлтый              ,1.777
1124,Ручка               ,Волгоград           ,Чёрный              ,0.233
1135,Радиатор            ,Иркутск             ,Жёлтый              ,16.934
1142,Колесо              ,Новгород            ,Жёлтый              ,15.818
1154,Гвоздь              ,Краснодар           ,Зелёный             ,0.722
1163,Леска               ,Москва              ,Жёлтый              ,0.936
1172,Ручка               ,Ростов-на-Дону      ,Серый               ,0.741
1180,Отвёртка            ,Тольятти            ,Чёрный              ,1.188
1193,Болт                ,Самара              ,Серый               ,1.986
859,Леска               ,Тюмень              ,Красный             ,0.644
868,Ручка               ,Самара              ,Белый               ,1.754
878,Труба               ,Саратов             ,Серый               ,18.673
888,Гайка               ,Москва              ,Зелёный             ,0.427
897,Шуруп               ,Ростов-на-Дону      ,Жёлтый              ,0.945
909,Верёвка             ,Тюмень              ,Зелёный             ,0.196
918,Колесо              ,Самара              ,Жёлтый              ,14.371
928,Кожух               ,Саратов             ,Чёрный              ,18.652
938,Ремень              ,Москва              ,Белый               ,0.743
947,Стальной лист       ,Ростов-на-Дону      ,Синий               ,12.804
957,Верёвка             ,Барнаул             ,Красный             ,0.881
968,Гайка               ,Самара              ,Синий               ,0.603
978,Гвоздь              ,Саратов             ,Красный             ,0.119
987,Леска               ,Ярославль           ,Белый               ,1.011
997,Поручень            ,Ростов-на-Дону      ,Серый               ,11.058
1003,Леска               ,Саратов             ,Синий               ,0.212
1015,Шина                ,Новосибирск         ,Белый               ,18.469
1027,Стальной лист       ,Воронеж             ,Красный             ,17.99
1037,Верёвка             ,Ярославль           ,Жёлтый              ,0.788
1047,Шина                ,Ростов-на-Дону      ,Чёрный              ,14.77
1057,Шуруп               ,Барнаул             ,Белый               ,0.951
1067,Леска               ,Новгород            ,Серый               ,0.284
1077,Поручень            ,Воронеж             ,Зелёный             ,19.346
1087,Радиатор            ,Ярославль           ,Синий               ,11.846
1097,Болт                ,Ростов-на-Дону      ,Красный             ,1.131
1107,Стальной лист       ,Барнаул             ,Жёлтый              ,11.889
1116,Отвёртка            ,Екатеринбург        ,Серый               ,0.707
1129,Болт                ,Краснодар           ,Синий               ,1.277
1137,Шуруп               ,Ярославль           ,Серый               ,1.192
1146,Ремень              ,Челябинск           ,Красный             ,0.856
1157,Поручень            ,Барнаул             ,Синий               ,17.419
1167,Радиатор            ,Новгород            ,Красный             ,16.144
1176,Гайка               ,Красноярск          ,Белый               ,0.226
1186,Гвоздь              ,Владивосток         ,Серый               ,1.233
1196,Отвёртка            ,Челябинск           ,Зелёный             ,1.434
864,Кожух               ,Санкт-Петербург     ,Серый               ,19.198
874,Ремень              ,Волгоград           ,Зелёный             ,0.219
884,Ручка               ,Тюмень              ,Синий               ,1.425
894,Труба               ,Казань              ,Красный             ,14.868
904,Гайка               ,Краснодар           ,Жёлтый              ,0.293
915,Стальной лист       ,Новосибирск         ,Красный             ,18.505
924,Отвёртка            ,Волгоград           ,Белый               ,1.556
932,Ручка               ,Барнаул             ,Жёлтый              ,1.238
944,Кожух               ,Казань              ,Зелёный             ,13.031
955,Леска               ,Тольятти            ,Серый               ,1.474
965,Поручень            ,Новосибирск         ,Зелёный             ,13.098
976,Кожух               ,Красноярск          ,Серый               ,17.881
986,Ремень              ,Владивосток         ,Зелёный             ,1.095
996,Ручка               ,Челябинск           ,Синий               ,1.721
1007,Радиатор            ,Барнаул             ,Зелёный             ,19.798
1018,Ремень              ,Самара              ,Серый               ,0.649
1028,Ручка               ,Саратов             ,Зелёный             ,0.842
1038,Труба               ,Москва              ,Синий               ,11.686
1049,Болт                ,Волгоград           ,Зелёный             ,0.77
1059,Стальной лист       ,Тюмень              ,Синий               ,10.34
1069,Верёвка             ,Казань              ,Красный             ,0.217
1076,Ручка               ,Красноярск          ,Красный             ,0.63
1085,Верёвка             ,Иркутск             ,Белый               ,0.361
1095,Шина                ,Омск                ,Серый               ,11.08
1104,Кожух               ,Краснодар           ,Красный             ,15.359
1112,Гайка               ,Ярославль           ,Зелёный             ,1.787
1123,Стальной лист       ,Уфа                 ,Серый               ,14.13
1133,Верёвка             ,Ульяновск           ,Зелёный             ,1.353
1144,Гайка               ,Казань              ,Серый               ,1.122
1155,Стальной лист       ,Тольятти            ,Белый               ,13.328
1165,Верёвка             ,Новосибирск         ,Серый               ,1.855
1175,Шина                ,Пермь               ,Зелёный             ,16.658
1185,Шуруп               ,Иркутск             ,Синий               ,0.63
1194,Ремень              ,Казань              ,Чёрный              ,0.717
1242,Гайка               ,Омск                ,Жёлтый              ,1.459
5,Поручень            ,Тольятти            ,Красный             ,19.335
6,Колесо              ,Ижевск              ,Зелёный             ,13.098
14,Труба               ,Санкт-Петербург     ,Белый               ,16.928
16,Кожух               ,Екатеринбург        ,Синий               ,14.87
24,Гайка               ,Волгоград           ,Серый               ,0.767
25,Болт                ,Пермь               ,Чёрный              ,0.626
34,Гвоздь              ,Тюмень              ,Зелёный             ,0.437
35,Стальной лист       ,Иркутск             ,Белый               ,14.39
44,Отвёртка            ,Казань              ,Синий               ,1.84
45,Верёвка             ,Омск                ,Серый               ,0.227
57,Болт                ,Барнаул             ,Жёлтый              ,1.957
55,Шина                ,Тольятти            ,Зелёный             ,17.509
66,Гвоздь              ,Екатеринбург        ,Серый               ,1.028
67,Стальной лист       ,Новгород            ,Чёрный              ,17.496
76,Отвёртка            ,Красноярск          ,Зелёный             ,0.702
80,Кожух               ,Тольятти            ,Серый               ,19.253
86,Колесо              ,Владивосток         ,Синий               ,18.465
92,Отвёртка            ,Новгород            ,Жёлтый              ,0.397
96,Кожух               ,Челябинск           ,Красный             ,19.063
98,Гвоздь              ,Уфа                 ,Белый               ,0.859
104,Гайка               ,Краснодар           ,Зелёный             ,0.162
108,Отвёртка            ,Ульяновск           ,Серый               ,0.697
114,Гвоздь              ,Санкт-Петербург     ,Синий               ,0.202
118,Колесо              ,Самара              ,Зелёный             ,17.067
124,Отвёртка            ,Волгоград           ,Красный             ,1.644
128,Кожух               ,Саратов             ,Синий               ,15.908
134,Колесо              ,Тюмень              ,Жёлтый              ,11.213
138,Ремень              ,Москва              ,Красный             ,1.468
144,Кожух               ,Казань              ,Чёрный              ,11.527
148,Ручка               ,Уфа                 ,Жёлтый              ,1.344
154,Ремень              ,Краснодар           ,Белый               ,1.822
158,Труба               ,Ульяновск           ,Чёрный              ,11.639
164,Ручка               ,Санкт-Петербург     ,Серый               ,1.11
168,Гайка               ,Самара              ,Белый               ,1.101
174,Труба               ,Волгоград           ,Зелёный             ,13.589
177,Шуруп               ,Воронеж             ,Синий               ,1.341
183,Шина                ,Ульяновск           ,Жёлтый              ,11.295
186,Ремень              ,Владивосток         ,Чёрный              ,0.132
194,Гвоздь              ,Казань              ,Красный             ,0.946
199,Шина                ,Волгоград           ,Серый               ,16.614
201,Болт                ,Красноярск          ,Красный             ,1.607
208,Кожух               ,Ульяновск           ,Красный             ,17.832
210,Гвоздь              ,Иркутск             ,Белый               ,1.664
217,Болт                ,Новгород            ,Белый               ,0.136
221,Верёвка             ,Челябинск           ,Чёрный              ,1.209
227,Стальной лист       ,Воронеж             ,Серый               ,10.071
234,Ремень              ,Тюмень              ,Серый               ,1.269
237,Верёвка             ,Ярославль           ,Зелёный             ,1.748
247,Шина                ,Ростов-на-Дону      ,Синий               ,19.578
244,Ручка               ,Казань              ,Зелёный             ,1.78
257,Шуруп               ,Барнаул             ,Красный             ,1.727
256,Кожух               ,Ижевск              ,Чёрный              ,17.954
266,Ремень              ,Екатеринбург        ,Белый               ,1.446
267,Леска               ,Новгород            ,Жёлтый              ,1.807
277,Поручень            ,Воронеж             ,Чёрный              ,12.096
276,Ручка               ,Красноярск          ,Серый               ,1.662
284,Отвёртка            ,Тюмень              ,Чёрный              ,0.921
286,Труба               ,Владивосток         ,Зелёный             ,19.913
294,Колесо              ,Казань              ,Белый               ,10.229
299,Леска               ,Волгоград           ,Красный             ,0.809
304,Кожух               ,Краснодар           ,Серый               ,16.428
309,Поручень            ,Тюмень              ,Жёлтый              ,12
312,Гайка               ,Ярославль           ,Чёрный              ,1.792
320,Кожух               ,Омск                ,Красный             ,10.916
880,Кожух               ,Тольятти            ,Красный             ,18.191
889,Болт                ,Санкт-Петербург     ,Белый               ,1.243
899,Стальной лист       ,Волгоград           ,Серый               ,11.851
910,Труба               ,Иркутск             ,Белый               ,12.452
920,Гайка               ,Омск                ,Серый               ,1.389
930,Гвоздь              ,Тольятти            ,Зелёный             ,1.756
939,Леска               ,Санкт-Петербург     ,Жёлтый              ,0.933
949,Поручень            ,Волгоград           ,Чёрный              ,18.951
970,Ремень              ,Омск                ,Чёрный              ,1.248
979,Стальной лист       ,Краснодар           ,Зелёный             ,19.48
990,Труба               ,Новосибирск         ,Серый               ,18.937
1000,Гайка               ,Пермь               ,Зелёный             ,0.768
1010,Гвоздь              ,Иркутск             ,Синий               ,0.412
1023,Радиатор            ,Уфа                 ,Жёлтый              ,11.064
1033,Болт                ,Ульяновск           ,Чёрный              ,1.675
1043,Стальной лист       ,Самара              ,Белый               ,16.202
1052,Отвёртка            ,Воронеж             ,Синий               ,0.375
1060,Ручка               ,Иркутск             ,Серый               ,1.888
1070,Труба               ,Омск                ,Зелёный             ,15.875
1080,Гайка               ,Волгоград           ,Синий               ,1.954
1089,Шуруп               ,Санкт-Петербург     ,Чёрный              ,1.39
1099,Леска               ,Волгоград           ,Белый               ,1.292
1115,Леска               ,Новосибирск         ,Синий               ,0.17
1125,Поручень            ,Пермь               ,Красный             ,18.245
1134,Труба               ,Тюмень              ,Белый               ,15.389
1145,Болт                ,Омск                ,Чёрный              ,1.998
1153,Шуруп               ,Саратов             ,Красный             ,1.055
1164,Отвёртка            ,Санкт-Петербург     ,Синий               ,1.6
1174,Колесо              ,Волгоград           ,Красный             ,13.075
1184,Кожух               ,Тюмень              ,Жёлтый              ,12.148
1188,Ручка               ,Москва              ,Красный             ,1.966
1198,Труба               ,Уфа                 ,Жёлтый              ,18.12
954,Ремень              ,Краснодар           ,Синий               ,0.162
961,Шуруп               ,Владивосток         ,Синий               ,0.552
971,Леска               ,Челябинск           ,Красный             ,0.433
981,Поручень            ,Ижевск              ,Жёлтый              ,13.124
989,Верёвка             ,Санкт-Петербург     ,Синий               ,0.287
999,Шина                ,Волгоград           ,Красный             ,13.982
1009,Шуруп               ,Тюмень              ,Жёлтый              ,0.764
1019,Леска               ,Казань              ,Чёрный              ,1.585
1029,Поручень            ,Краснодар           ,Белый               ,15.415
1039,Радиатор            ,Санкт-Петербург     ,Серый               ,15.583
1048,Гайка               ,Уфа                 ,Красный             ,1.808
1058,Гвоздь              ,Ульяновск           ,Жёлтый              ,1.986
1066,Ремень              ,Екатеринбург        ,Синий               ,1.281
1075,Стальной лист       ,Пермь               ,Чёрный              ,19.875
1086,Труба               ,Владивосток         ,Жёлтый              ,13.423
1096,Гайка               ,Челябинск           ,Чёрный              ,1.878
1106,Гвоздь              ,Ижевск              ,Белый               ,1.993
1117,Верёвка             ,Новгород            ,Чёрный              ,0.424
1127,Шина                ,Воронеж             ,Белый               ,15.868
1138,Гвоздь              ,Москва              ,Чёрный              ,0.443
1148,Отвёртка            ,Уфа                 ,Белый               ,0.936
1160,Гайка               ,Иркутск             ,Красный             ,1.93
1170,Гвоздь              ,Омск                ,Жёлтый              ,1.447
1182,Труба               ,Барнаул             ,Зелёный             ,13.303
1191,Шина                ,Екатеринбург        ,Жёлтый              ,14.88
958,Труба               ,Ульяновск           ,Зелёный             ,12.26
967,Шина                ,Новгород            ,Жёлтый              ,12.807
977,Шуруп               ,Воронеж             ,Чёрный              ,0.44
988,Отвёртка            ,Москва              ,Жёлтый              ,0.714
998,Колесо              ,Уфа                 ,Чёрный              ,17.055
1006,Труба               ,Ижевск              ,Красный             ,18.456
1013,Поручень            ,Москва              ,Красный             ,19.232
1030,Колесо              ,Тольятти            ,Жёлтый              ,11.199
1040,Кожух               ,Новосибирск         ,Чёрный              ,15.081
1050,Ремень              ,Пермь               ,Белый               ,0.602
1062,Колесо              ,Ярославль           ,Красный             ,14.126
1072,Кожух               ,Ростов-на-Дону      ,Жёлтый              ,11.909
1082,Ремень              ,Барнаул             ,Чёрный              ,0.66
1091,Стальной лист       ,Екатеринбург        ,Зелёный             ,18.972
1101,Верёвка             ,Красноярск          ,Синий               ,0.277
1110,Колесо              ,Иркутск             ,Чёрный              ,16.074
1121,Шуруп               ,Челябинск           ,Жёлтый              ,1.672
1128,Гайка               ,Саратов             ,Жёлтый              ,1.593
1139,Стальной лист       ,Санкт-Петербург     ,Красный             ,18.347
1150,Труба               ,Пермь               ,Синий               ,11.716
1159,Шина                ,Тюмень              ,Чёрный              ,19.389
1168,Кожух               ,Самара              ,Зелёный             ,16.604
1178,Ремень              ,Саратов             ,Синий               ,1.54
1195,Леска               ,Омск                ,Красный             ,1.059
1482,Гайка               ,Иркутск             ,Серый               ,0.575
1210,Гайка               ,Барнаул             ,Чёрный              ,0.852
1302,Ручка               ,Тольятти            ,Красный             ,0.246
1422,Отвёртка            ,Пермь               ,Зелёный             ,1.313
2,Гвоздь              ,Воронеж             ,Синий               ,1.348
15,Радиатор            ,Новосибирск         ,Жёлтый              ,13.67
27,Леска               ,Воронеж             ,Зелёный             ,1.752
37,Поручень            ,Ярославль           ,Синий               ,17.38
46,Труба               ,Челябинск           ,Чёрный              ,19.949
54,Колесо              ,Краснодар           ,Красный             ,19.418
65,Шуруп               ,Новосибирск         ,Синий               ,1.237
74,Ремень              ,Волгоград           ,Чёрный              ,1.186
84,Ручка               ,Тюмень              ,Белый               ,0.185
95,Радиатор            ,Омск                ,Чёрный              ,15.483
105,Болт                ,Тольятти            ,Белый               ,0.833
117,Поручень            ,Новгород            ,Красный             ,10.107
127,Радиатор            ,Воронеж             ,Жёлтый              ,10.429
137,Болт                ,Ярославль           ,Чёрный              ,0.871
146,Гвоздь              ,Челябинск           ,Зелёный             ,1.425
157,Верёвка             ,Барнаул             ,Серый               ,1.614
167,Шина                ,Новгород            ,Зелёный             ,18.787
178,Гвоздь              ,Саратов             ,Серый               ,0.709
187,Леска               ,Ярославль           ,Красный             ,1.304
197,Поручень            ,Ростов-на-Дону      ,Жёлтый              ,10.777
207,Радиатор            ,Барнаул             ,Чёрный              ,13.281
218,Ремень              ,Самара              ,Жёлтый              ,0.717
228,Ручка               ,Саратов             ,Чёрный              ,0.88
238,Труба               ,Москва              ,Белый               ,17.954
248,Гайка               ,Уфа                 ,Серый               ,0.486
258,Гвоздь              ,Ульяновск           ,Зелёный             ,1.602
268,Отвёртка            ,Самара              ,Синий               ,0.684
278,Колесо              ,Саратов             ,Красный             ,16.039
288,Кожух               ,Москва              ,Жёлтый              ,12.929
296,Гайка               ,Челябинск           ,Синий               ,1.462
306,Гвоздь              ,Ижевск              ,Красный             ,0.411
316,Отвёртка            ,Екатеринбург        ,Жёлтый              ,1.179
326,Колесо              ,Красноярск          ,Чёрный              ,12.903
336,Кожух               ,Владивосток         ,Белый               ,17.141
345,Болт                ,Омск                ,Синий               ,1.445
353,Шуруп               ,Саратов             ,Серый               ,1.818
362,Ремень              ,Ярославль           ,Красный             ,1.11
370,Гвоздь              ,Омск                ,Зелёный             ,1.961
381,Верёвка             ,Ижевск              ,Серый               ,0.139
391,Шина                ,Екатеринбург        ,Зелёный             ,12.932
403,Стальной лист       ,Саратов             ,Чёрный              ,19.073
416,Кожух               ,Екатеринбург        ,Серый               ,14.691
426,Ремень              ,Красноярск          ,Зелёный             ,1.999
437,Поручень            ,Ярославль           ,Серый               ,18.981
447,Радиатор            ,Ростов-на-Дону      ,Зелёный             ,10.179
457,Болт                ,Барнаул             ,Синий               ,1.747
464,Кожух               ,Санкт-Петербург     ,Синий               ,19.435
476,Отвёртка            ,Красноярск          ,Белый               ,1.521
488,Гайка               ,Москва              ,Красный             ,0.384
499,Стальной лист       ,Волгоград           ,Синий               ,14.8
508,Отвёртка            ,Ульяновск           ,Чёрный              ,1.664
518,Колесо              ,Самара              ,Белый               ,14.283
530,Гвоздь              ,Тольятти            ,Красный             ,1.971
551,Шина                ,Красноярск          ,Красный             ,19.444
561,Шуруп               ,Владивосток         ,Жёлтый              ,0.496
571,Леска               ,Челябинск           ,Чёрный              ,1.995
579,Стальной лист       ,Краснодар           ,Красный             ,14.852
588,Отвёртка            ,Москва              ,Белый               ,1.028
598,Колесо              ,Уфа                 ,Серый               ,19.213
608,Кожух               ,Ульяновск           ,Зелёный             ,19.018
620,Отвёртка            ,Омск                ,Чёрный              ,1.869
633,Болт                ,Ульяновск           ,Серый               ,0.312
644,Ручка               ,Казань              ,Белый               ,0.817
1962,Гайка               ,Новосибирск         ,Белый               ,0.86
2022,Ручка               ,Пермь               ,Чёрный              ,0.496
1902,Отвёртка            ,Тольятти            ,Серый               ,0.561
2082,Кожух               ,Иркутск             ,Жёлтый              ,18.135
1842,Кожух               ,Омск                ,Зелёный             ,17.798
1542,Ручка               ,Омск                ,Белый               ,1.009
2110,Отвёртка            ,Барнаул             ,Жёлтый              ,0.312
1602,Кожух               ,Тольятти            ,Чёрный              ,19.73
1662,Отвёртка            ,Новосибирск         ,Жёлтый              ,0.716
1722,Гайка               ,Пермь               ,Красный             ,0.572
1810,Кожух               ,Барнаул             ,Синий               ,12.194
2328,Колесо              ,Ижевск              ,Синий               ,18.35
2340,Гвоздь              ,Самара              ,Белый               ,1.016
2351,Верёвка             ,Краснодар           ,Чёрный              ,1.064
2361,Шина                ,Санкт-Петербург     ,Белый               ,16.059
2374,Ручка               ,Воронеж             ,Зелёный             ,1.67
2383,Верёвка             ,Владивосток         ,Жёлтый              ,1.081
2397,Леска               ,Пермь               ,Жёлтый              ,1.033
2406,Ручка               ,Тюмень              ,Серый               ,0.812
2323,Шуруп               ,Красноярск          ,Чёрный              ,1.774
2332,Ремень              ,Иркутск             ,Зелёный             ,0.559
2342,Ручка               ,Омск                ,Синий               ,1.89
2353,Радиатор            ,Ижевск              ,Зелёный             ,14.348
2362,Гайка               ,Новосибирск         ,Жёлтый              ,1.032
2371,Шуруп               ,Волгоград           ,Серый               ,1.04
2380,Ремень              ,Ульяновск           ,Красный             ,1.835
2388,Гвоздь              ,Екатеринбург        ,Зелёный             ,1.201
2398,Отвёртка            ,Красноярск          ,Синий               ,1.414
2408,Колесо              ,Владивосток         ,Красный             ,12.45
2170,Гайка               ,Барнаул             ,Красный             ,1.673
2202,Гайка               ,Тольятти            ,Синий               ,0.793
2329,Шина                ,Барнаул             ,Серый               ,16.805
2341,Стальной лист       ,Казань              ,Жёлтый              ,19.156
2357,Стальной лист       ,Иркутск             ,Серый               ,14.136
2369,Радиатор            ,Ростов-на-Дону      ,Жёлтый              ,15.571
2376,Колесо              ,Краснодар           ,Жёлтый              ,15.398
2384,Труба               ,Ярославль           ,Синий               ,11.796
2393,Шина                ,Челябинск           ,Чёрный              ,12.767
2403,Шуруп               ,Ижевск              ,Белый               ,1.388
2325,Стальной лист       ,Саратов             ,Зелёный             ,13.832
2335,Верёвка             ,Москва              ,Синий               ,0.428
2343,Поручень            ,Челябинск           ,Серый               ,19.502
2352,Труба               ,Тольятти            ,Красный             ,16.135
2363,Болт                ,Екатеринбург        ,Синий               ,0.962
2372,Гвоздь              ,Пермь               ,Чёрный              ,1.44
2381,Леска               ,Тюмень              ,Зелёный             ,0.908
2392,Колесо              ,Омск                ,Серый               ,18.059
2402,Кожух               ,Тольятти            ,Зелёный             ,14.816
2324,Гвоздь              ,Воронеж             ,Красный             ,0.597
2334,Отвёртка            ,Ярославль           ,Жёлтый              ,0.71
2344,Колесо              ,Ростов-на-Дону      ,Чёрный              ,15.299
2354,Кожух               ,Барнаул             ,Белый               ,14.576
2365,Леска               ,Самара              ,Чёрный              ,0.325
2375,Поручень            ,Саратов             ,Белый               ,11.55
2386,Кожух               ,Санкт-Петербург     ,Чёрный              ,13.134
2395,Болт                ,Уфа                 ,Зелёный             ,1.355
2404,Гвоздь              ,Барнаул             ,Жёлтый              ,1.742
2142,Отвёртка            ,Омск                ,Красный             ,1.275
2262,Ручка               ,Новосибирск         ,Зелёный             ,0.685
2327,Поручень            ,Тольятти            ,Жёлтый              ,17.914
2336,Труба               ,Санкт-Петербург     ,Серый               ,13.308
2345,Шина                ,Уфа                 ,Красный             ,10.802
2356,Гвоздь              ,Тюмень              ,Синий               ,0.738
2366,Отвёртка            ,Казань              ,Красный             ,0.269
2377,Шина                ,Тольятти            ,Синий               ,15.712
2387,Шуруп               ,Новосибирск         ,Красный             ,0.387
2396,Ремень              ,Волгоград           ,Белый               ,1.329
2405,Стальной лист       ,Ульяновск           ,Синий               ,11.781
2322,Кожух               ,Пермь               ,Серый               ,13.863
2333,Леска               ,Владивосток         ,Белый               ,0.122
2347,Болт                ,Пермь               ,Белый               ,1.756
2359,Поручень            ,Ярославль           ,Красный             ,16.559
2368,Труба               ,Челябинск           ,Белый               ,19.139
2378,Гайка               ,Ижевск              ,Серый               ,0.591
2389,Стальной лист       ,Новгород            ,Белый               ,18.265
2401,Радиатор            ,Краснодар           ,Красный             ,18.999
2326,Ручка               ,Краснодар           ,Белый               ,1.227
2337,Радиатор            ,Новосибирск         ,Чёрный              ,17.489
2346,Гайка               ,Волгоград           ,Зелёный             ,1.647
2355,Шуруп               ,Ульяновск           ,Жёлтый              ,1.655
2364,Ремень              ,Новгород            ,Серый               ,1.328
2373,Стальной лист       ,Красноярск          ,Красный             ,19.476
2385,Радиатор            ,Москва              ,Серый               ,19.096
2394,Гайка               ,Ростов-на-Дону      ,Красный             ,0.883
2407,Поручень            ,Иркутск             ,Чёрный              ,15.33
2330,Гайка               ,Ульяновск           ,Чёрный              ,1.281
2339,Шуруп               ,Новгород            ,Зелёный             ,1.642
2348,Ремень              ,Красноярск          ,Жёлтый              ,0.956
2358,Ручка               ,Владивосток         ,Чёрный              ,1.261
2367,Верёвка             ,Омск                ,Зелёный             ,0.182
2379,Болт                ,Барнаул             ,Чёрный              ,0.505
2390,Ручка               ,Самара              ,Жёлтый              ,0.924
2400,Труба               ,Саратов             ,Чёрный              ,17.23
2331,Болт                ,Тюмень              ,Красный             ,0.435
2338,Кожух               ,Екатеринбург        ,Красный             ,16.105
2349,Леска               ,Воронеж             ,Синий               ,1.787
2360,Колесо              ,Москва              ,Зелёный             ,10.847
2370,Кожух               ,Уфа                 ,Синий               ,10.566
2382,Отвёртка            ,Иркутск             ,Белый               ,0.914
2391,Поручень            ,Казань              ,Синий               ,15.641
2399,Верёвка             ,Воронеж             ,Серый               ,0.6
2409,Шина                ,Ярославль           ,Зелёный             ,14.09
1782,Ручка               ,Иркутск             ,Синий               ,0.316
